{"train": {"lid": {"motion_type": "rotation", "origin_world": [-0.4190836210266329, 0.5343474176409109, 0.4821653971836763], "axis_number": [14, 4, 71], "axis_world": [1, 0, 0]}, "door": {"motion_type": "rotation", "origin_world": [0, 0, 0], "axis_number": [0, 407, 101], "axis_world": [0, 1, 0]}, "drawer": {"motion_type": "translation", "origin_world": [0, 0, 0], "axis_number": [352, 0, 11], "axis_world": [0, 0, 1]}}, "valid": {"lid": {"motion_type": "rotation", "origin_world": [0.4085260129566818, 0.33910823549805547, -0.479695795387406], "axis_number": [4, 0, 16], "axis_world": [1, 0, 0]}, "door": {"motion_type": "rotation", "origin_world": [0, 0, 0], "axis_number": [0, 67, 27], "axis_world": [0, 1, 0]}, "drawer": {"motion_type": "translation", "origin_world": [0, 0, 0], "axis_number": [79, 0, 0], "axis_world": [0, 0, 1]}}, "test": {"door": {"motion_type": "rotation", "origin_world": [-0.2918640077114114, 0.7835339903831484, -0.26339049637317635], "axis_number": [0, 79, 18], "axis_world": [0, 1, 0]}, "drawer": {"motion_type": "translation", "origin_world": [0, 0, 0], "axis_number": [75, 0, 0], "axis_world": [0, 0, 1]}, "lid": {"motion_type": "rotation", "origin_world": [-0.41756009627289653, 0.2942520013590713, 0.43444401025772095], "axis_number": [4, 2, 12], "axis_world": [1, 0, 0]}}}